url,last_crawled,checked_on,http_status,action,target,reason,evidence
https://www.safespring.com/tjanster/case/elastisys/,2026-10-05,2026-10-07,404,keep_removed,,Explicit deletion with no successor; do not redirect to a generic case index or republish without editorial authorization.,303cbacf (2026-09-24) deletes content/tjanster/case/elastisys.md and both translated Elastisys cases. Previous case was an interview with COO Rob McCuaig; surviving compliant-kubernetes product and webinar pages are different content.
https://www2.safespring.com/explorer/,2026-10-05,2026-10-07,404,keep_removed,,"Obsolete Internet Explorer fallback page, not a useful current content route.","e5953496 (2025-02-25) deletes content/explorer.md. Page title Svenska molntjänster (Explorer), index:no, no body. layouts/partials/explorer.html remains only a browser warning partial."
https://docs.safespring.com/storage/cyberduck,2026-10-05,2026-10-07,404,reference_only,/storage/howto/configs/cyberduck/,Read-only reference; outside approved web deployment. File moved without content changes in 2025-07-22 storage reorganization. Published replacement has matching client guide.,https://github.com/safespring/docs/commit/ec4eeee20487f10e8ee47d7031ddf6e33500be45
https://www2.safespring.com/publikationer/baas-mgt/offsite-backup/,2026-10-04,2026-10-07,404,keep_removed,,Removed 2018 campaign article; leave 404 unless an editorial decision selects a relevant replacement.,"e5953496 (2025-02-25) deletes content/publikationer/BaaS-Mgt/offsite-backup.md together with the publication campaign. Current content/solution-brief/objektlagring.md includes an Offsite Backup section and current storage page addresses offsite storage, but neither is a rename or exact successor."
https://docs.safespring.com/portal-api/security-compliance/network-security/,2026-09-18,2026-10-07,404,external_removed,,Read-only reference; outside approved web deployment. Intentionally deleted in 2026-07-15 cleanup; source contained only future-documentation placeholders. No substantive replacement identified.,https://github.com/safespring/docs/commit/ee056761eca8cbae1952e2e56eb1c6a320d5f9a9
https://docs.safespring.com/portal-api/security-compliance/,2026-09-17,2026-10-07,404,external_removed,,Read-only reference; outside approved web deployment. Intentionally deleted in 2026-07-15 cleanup; source contained only future-documentation placeholders. No substantive replacement identified.,https://github.com/safespring/docs/commit/ee056761eca8cbae1952e2e56eb1c6a320d5f9a9
https://www.safespring.com/event/2019-03-05?utm_source=Linkedin&utm_medium=video-ad&utm_campaign=Techaw,2026-09-13,2026-10-07,404,keep_removed,,Expired physical event with no recording or successor found; do not redirect broadly to webinars.,fb125989 (2021-08-26) moves content/event/2019-03-05.md to content/event-old/2019-03-05.md. e5953496 (2025-02-25) deletes the old event. Event was TechAW with SUSE at OLearys on 2019-03-05.
https://docs.safespring.com/service/domain-changes/,2026-09-11,2026-10-07,404,external_removed,,Read-only reference; outside approved web deployment. Intentionally deleted in 2025-07-21 removal of legacy documentation. No equivalent current successor identified.,https://github.com/safespring/docs/commit/39830b8b7a8a45d6ac954ae003be1ff581cfa8a7
https://www.safespring.com/career/2026-cloud-engineer-openstack/,2026-09-09,2026-10-07,404,keep_removed,,Closed job advertisement: draft:true. No active internal link found.,content/career/2026-cloud-engineer-openstack.md
https://www.safespring.com/safespring-storage.html,2026-09-09,2026-10-07,404,redirect,/tjanster/safespring-storage/,Exact historical product-page replacement; needs server 301 or .html alias.,671b3a76 (2019-02-20) adds meta redirect from legacy safespring-storage partial to /tjanster/safespring-storage. Current content/tjanster/safespring-storage.md is published and retains /storage/ and /safespring-storage/ aliases.
https://www.safespring.com/nod,2026-09-09,2026-10-07,404,keep_invalid,,No evidence for a legitimate page or replacement; leave 404 pending referring-page evidence.,"No content route named nod found in master or Git path history. Only current /nod source occurrence is a text suffix for price formatting in layouts/shortcodes/container-price-calculator.html, not a link."
https://www2.safespring.com/about/datacenter/,2026-08-13,2026-10-07,404,redirect,/en/data-centers/,Exact previously corrected English link; preserve English audience.,371bd01e corrects exact /about/datacenter/ -> /en/data-centers/ link in English content/schedule-demo-success.md. Current content/en/data-centers.md exists and is published.
https://www2.safespring.com/about-safespring/,2026-08-12,2026-10-07,404,redirect,/en/about/,"Exact previously corrected English link, unrelated to beta branch about-safespring file rename.",371bd01e corrects exact /about-safespring/ -> /en/about/ link in English content/schedule-demo-success.md. Current content/en/about.md is published.
https://docs.safespring.com/storage/s3cmd/,2026-08-11,2026-10-07,404,reference_only,/storage/howto/configs/s3cmd/,Read-only reference; outside approved web deployment. File moved without content changes in 2025-07-22 storage reorganization. Published replacement has matching client guide.,https://github.com/safespring/docs/commit/ec4eeee20487f10e8ee47d7031ddf6e33500be45
https://docs.safespring.com/storage/generalinfo/,2026-08-10,2026-10-07,404,reference_only,/storage/getting-started/,"Read-only reference; outside approved web deployment. generalinfo.md renamed to getting-started.md in 2025-07-22 storage reorganization; current published entry point covers S3 credentials, connection details and clients.",https://github.com/safespring/docs/commit/ec4eeee20487f10e8ee47d7031ddf6e33500be45
https://docs.safespring.com/new/api/,2026-08-09,2026-10-07,404,reference_only,/compute/api/,Read-only reference; outside approved web deployment. Markdown moved from new/ to compute/ in 2025-07-22 compute documentation restructure; current published page is the same topic.,https://github.com/safespring/docs/commit/762c614be1b71aa376715e5b5a6db862f9f8a45b
https://www.safespring.com/career/2026-senior-platform-engineer/,2026-08-07,2026-10-07,404,keep_removed,,Closed job advertisement: draft:true. No active internal link found.,content/career/2026-senior-platform-engineer.md
https://www.safespring.com/career/2026-solution-architect/,2026-08-05,2026-10-07,404,keep_removed,,Closed job advertisement: draft:true. No active internal link found.,content/career/2026-solution-architect.md
https://docs.safespring.com/new/flavors/,2026-08-05,2026-10-07,404,reference_only,/compute/flavors/,Read-only reference; outside approved web deployment. Markdown moved from new/ to compute/ in 2025-07-22 compute documentation restructure; current published page is the same topic.,https://github.com/safespring/docs/commit/762c614be1b71aa376715e5b5a6db862f9f8a45b
https://www.safespring.com/branscher/myndigheter/fredric.wallsten@safespring.com,2026-07-28,2026-10-07,404,keep_invalid,,"Historical malformed relative email link, already corrected to mailto. Live myndigheter HTML confirms correct email link.",efa88f10; b762209c; content/branscher/myndigheter.md:49
https://www.safespring.com/career/customer-engagement-team/,2026-07-26,2026-10-07,404,keep_removed,,Closed job advertisement: draft:true. No active internal link found.,content/career/customer-engagement-team.md
https://docs.safespring.com/support/,2026-07-17,2026-10-07,404,reference_only,/service/support/,"Read-only reference; outside approved web deployment. Original support page was split into status and contact-support pages in 2018; current Getting support page is the primary relevant destination. This is a semantic successor, not a byte-identical rename.",https://github.com/safespring/docs/commit/360f2f44bafb42fd650cbd8993b20a805ec25b6c
https://www.safespring.com/safespring-compute.html,2026-07-13,2026-10-07,404,redirect,/tjanster/safespring-compute/,Exact historical product-page replacement.,671b3a76 (2019-02-20) adds meta redirect from legacy safespring-compute partial to /tjanster/safespring-compute. Current content/tjanster/safespring-compute.md is published.
https://www.safespring.com/career/2025-network-engineer/,2026-07-13,2026-10-07,404,keep_removed,,Closed job advertisement: draft:true. No active internal link found.,content/career/2025-network-engineer.md
https://www.safespring.com/career/2026-solution-architect,2026-07-09,2026-10-07,404,keep_removed,,Closed job advertisement: draft:true. No active internal link found.,content/career/2026-solution-architect.md
https://www.safespring.com/internals/is-constructor,2026-06-20,2026-10-07,401,protected,,JavaScript module name rather than a public content page. Current HTTP 401; preserve access control.,static/img/safespring-network-presenter.sozi.html; static/img/safespring-network.sozi.html; static/img/eosc-multicloud-demo.sozi.html
https://www.safespring.com/internals/object-define-property,2026-06-20,2026-10-07,401,protected,,JavaScript module name rather than a public content page. Current HTTP 401; preserve access control.,static/img/safespring-network-presenter.sozi.html; static/img/safespring-network.sozi.html; static/img/eosc-multicloud-demo.sozi.html
https://docs.safespring.com/storage/s3fs/,2026-06-19,2026-10-07,404,reference_only,/storage/howto/configs/s3fs/,Read-only reference; outside approved web deployment. File moved without content changes in 2025-07-22 storage reorganization. Published replacement has matching client guide.,https://github.com/safespring/docs/commit/ec4eeee20487f10e8ee47d7031ddf6e33500be45
https://www.safespring.com/career/2026-senior-backend-engineer/,2026-06-13,2026-10-07,404,keep_removed,,Closed job advertisement: draft:true. No active internal link found.,content/career/2026-senior-backend-engineer.md
https://www.safespring.com/internals/native-weak-map,2026-06-10,2026-10-07,401,protected,,JavaScript module name rather than a public content page. Current HTTP 401; preserve access control.,static/img/safespring-network-presenter.sozi.html; static/img/safespring-network.sozi.html; static/img/eosc-multicloud-demo.sozi.html
https://www.safespring.com/om-safespring/datasenter/,2026-06-03,2026-10-07,404,redirect,/no/datasenter/,Exact link correction to Norwegian datacenter page.,efa88f10 (2026-06-27) corrects exact /om-safespring/datasenter/ -> /no/datasenter/ link in content/no/gdpr.md. Current content/no/datasenter.md is published.
https://docs.safespring.com/backup/legacy-backup-service/install/overview/windows,2026-05-29,2026-10-07,404,reference_only,/backup/legacy-backup-service/install/windows/,Read-only reference; outside approved web deployment. Malformed relative link once resolved under install/overview/. Correct guides are siblings of overview.md under install/. Official July 2026 commit and current customized docs source use explicit .md links; fresh targets are canonical 200.,https://github.com/safespring/docs/commit/ee056761eca8cbae1952e2e56eb1c6a320d5f9a9
https://docs.safespring.com/backup/legacy-backup-service/install/overview/debian-ubuntu,2026-05-28,2026-10-07,404,reference_only,/backup/legacy-backup-service/install/debian-ubuntu/,Read-only reference; outside approved web deployment. Malformed relative link once resolved under install/overview/. Correct guides are siblings of overview.md under install/. Official July 2026 commit and current customized docs source use explicit .md links; fresh targets are canonical 200.,https://github.com/safespring/docs/commit/ee056761eca8cbae1952e2e56eb1c6a320d5f9a9
https://docs.safespring.com/service/sto4_storage/,2026-05-26,2026-10-07,404,external_removed,,Read-only reference; outside approved web deployment. Intentionally deleted in 2025-07-21 removal of legacy documentation. No equivalent current successor identified.,https://github.com/safespring/docs/commit/39830b8b7a8a45d6ac954ae003be1ff581cfa8a7
https://docs.safespring.com/backup/legacy-backup-service/install/overview/rhel,2026-05-24,2026-10-07,404,reference_only,/backup/legacy-backup-service/install/rhel/,Read-only reference; outside approved web deployment. Malformed relative link once resolved under install/overview/. Correct guides are siblings of overview.md under install/. Official July 2026 commit and current customized docs source use explicit .md links; fresh targets are canonical 200.,https://github.com/safespring/docs/commit/ee056761eca8cbae1952e2e56eb1c6a320d5f9a9
https://docs.safespring.com/backup/howto/bare-metal-tbmr/,2026-05-22,2026-10-07,404,reference_only,/backup/legacy-backup-service/howto/bare-metal-tbmr/,"Read-only reference; outside approved web deployment. Original backup/howto guide moved to legacy-backup in commit a4b3366a33fe88251d2f2fd44b2587dc97c1ec83 (2022-11-18), then was republished in backup/legacy-backup-service in March 2026; current guide is canonical 200.",https://github.com/safespring/docs/commit/3db3c762a07fbdd00f080cb62da1472ea4bbb0c9
https://www.safespring.com/blogg/2019/2019-04-dagens-juridik-cloudact/,2026-05-18,2026-10-07,404,keep_removed,,"Article is deliberately unpublished; a modern Cloud Act whitepaper is different content, so preserve draft state and 404.",a60d72db (2026-04-15) deliberately changes draft:false to draft:true in content/blogg/2019/2019-04-dagens-juridik-cloudact.md.
https://www2.safespring.com/documents/c005476-safespring-ab-2029-04-01.pdf,2026-05-13,2026-10-07,404,redirect,/compliance/safespring-iso_27001_2023_sv-eng.pdf,Exact replacement certificate in same commit; preserve PDF response.,"b416b435 (2026-04-15) deletes old PDF, adds static/compliance/safespring-iso_27001_2023_sv-eng.pdf and updates ISO page PDF link. content/om-safespring/iso-27001.md names certificate C005476 with valid-until 2029-04-01 and links to the replacement PDF."
https://lists.safespring.com/mailman/listinfo/backup-users,2026-05-09,2026-10-07,TLS_ERROR,investigate_tls,,TLS certificate hostname mismatch; service ownership and retirement state need confirmation. No current web source references.,Live HTTPS check 2026-10-07 with certificate validation enabled
https://www.safespring.com/career/2026-cloud-engineer/,2026-05-07,2026-10-07,404,keep_removed,,Closed job advertisement: draft:true. No active internal link found.,content/career/2026-cloud-engineer.md
https://www.safespring.com/event/2020-06-03/?utm_source=tempus&utm_medium=link&utm_campaign=03-juni,2026-05-04,2026-10-07,404,redirect,/webinar/kommun/safespring-partner-webinar-tempus-1/,Two dates were repeat sessions of same Tempus webinar; recording is a relevant equivalent destination.,"e5953496 (2025-02-25) deletes content/event-old/2020-06-03.md. Historical event title, introductory text and Tempus description match surviving content/webinar/kommun/safespring-partner-webinar-tempus-1.md; recording and thumbnail present."
https://www.safespring.com/event/2020-05-13/?utm_source=tempus&utm_medium=link&utm_campaign=13-maj,2026-05-04,2026-10-07,404,redirect,/webinar/kommun/safespring-partner-webinar-tempus-1/,Two dates were repeat sessions of same Tempus webinar; recording is a relevant equivalent destination.,"e5953496 (2025-02-25) deletes content/event-old/2020-05-13.md. Historical event title, introductory text and Tempus description match surviving content/webinar/kommun/safespring-partner-webinar-tempus-1.md; recording and thumbnail present."
https://www.safespring.com/services/container-platform/,2026-04-30,2026-10-07,404,redirect,/en/services/containerplatform/,Exact correction to English service page; no beta runtime copying.,4a32102b changes exact /services/container-platform/ -> /en/services/containerplatform/ in English demo success content. Current content/en/services/containerplatform.md is published.
https://www.safespring.com/branscher/myndigheter/daniel.melin@safespring.com,2026-04-27,2026-10-07,404,keep_invalid,,"Historical malformed relative email link, already corrected to mailto. Live myndigheter HTML confirms correct email link.",efa88f10; b762209c; content/branscher/myndigheter.md:49
https://www.safespring.com/tjenester/compliant-kubernetes/,2026-04-23,2026-10-07,404,redirect,/no/tjenester/compliant-kubernetes/,Exact correction to Norwegian product page.,efa88f10 corrects exact /tjenester/compliant-kubernetes/ -> /no/tjenester/compliant-kubernetes/ in content/no/bransjer/applikasjonsutviklere.md.
https://docs.safespring.com/new/migrate-from-legacy/,2026-04-17,2026-10-07,404,external_removed,,Read-only reference; outside approved web deployment. Intentionally deleted in 2025-07-21 removal of legacy documentation. No equivalent current successor identified.,https://github.com/safespring/docs/commit/39830b8b7a8a45d6ac954ae003be1ff581cfa8a7
https://www.safespring.com/career/2026-cloud-engineer,2026-04-17,2026-10-07,404,keep_removed,,Closed job advertisement: draft:true. No active internal link found.,content/career/2026-cloud-engineer.md
https://www2.safespring.com/documents/safespring-compliance-package-2026-v2.pdf,2026-04-14,2026-10-07,404,redirect,/compliance/,Current compliance collection fulfills the old package navigation purpose; target is HTML rather than obsolete combined PDF. No exact replacement PDF exists.,"57ed6a76 (2026-04-10) explicitly deletes static/documents/safespring-compliance-package-2026-v2.pdf. Current content/compliance/_index.md includes Compliance package heading, compliance history and document table, with current legal documents and certificate links."
https://docs.safespring.com/storage/cloudberry/,2026-04-14,2026-10-07,404,reference_only,/storage/howto/configs/cloudberry/,Read-only reference; outside approved web deployment. File moved without content changes in 2025-07-22 storage reorganization. Published replacement has matching client guide.,https://github.com/safespring/docs/commit/ec4eeee20487f10e8ee47d7031ddf6e33500be45
https://www.safespring.com/services/case/scaleout/,2026-04-13,2026-10-07,404,redirect,/en/services/case/scaleout/,Exact correction preserving English case page.,efa88f10 (2026-06-27) corrects exact /services/case/scaleout/ -> /en/services/case/scaleout/ in content/en/gdpr.md and content/en/services/compute.md. Current content/en/services/case/scaleout.md exists and is published.
https://www.safespring.com/img/player/PlayerController,2026-04-12,2026-10-07,404,keep_invalid,,"Bundled JavaScript require module, not a content URL; no actual href or src found.",static/img/safespring-network.sozi.html; static/img/eosc-multicloud-demo.sozi.html
